username,post_number,post_url,likes,hashtags,comments
kayla_itsines,post_1,https://www.instagram.com/kayla_itsines/p/C6I1MDsstUt/,"8,397","#SweatWithKayla, #SweatApp, #PersonalTrainer, #TrainingAdvice","alexia_clark: Absolutely! Rest is an essential part of self-care and overall well-being. Just like we nourish our bodies with food, we need to nourish them with rest and recovery. It's all about balance and listening to what your body needs. Thank you for sharing this important reminder to prioritize self-care and treat our bodies with love and respect! ğŸ’–; silje.alice: Hear hear!!â¤ï¸; itsmatryoshka: This is so true! Gotta remind myself of this daily!; zoii.sydney: ğŸ’¯ ğŸ™ŒğŸ™Œ; mary.huntress.pwr: This ğŸ™Œ Rest should be prioritized as a main part of our fitness journey; annierott: Needed this today ğŸ‘; sukritipriya_: So true ğŸ™Œ; frau_dr_heinz: True words... I am sick at the moment but I don't want to lose my progress in sweat app ğŸ™ˆ; kmgomezco: I have ğŸ’¯ this mindset since I am little girl.; tamdunnington: Love this Kaylaâ€¦ so well said !!; nutsyfoodie: ğŸ™ŒğŸ½ğŸ’¯; chelle.fit.mama: â¤ï¸â¤ï¸â¤ï¸; lorenzia_heryxlim: ğŸ‘ğŸ‘ğŸ‘ğŸ‘; grace55777: â¤ï¸; sahmarketer: Yes queen ğŸ‘‘"
kayla_itsines,post_2,https://www.instagram.com/kayla_itsines/p/C8ZC_KQNG86/,"6,294","#SweatDaily, #Podcast, #StoryGlass, #HealthyHabits, #4",_joanna70: Agree ğŸ‘ can I add keep hydrated ğŸ’¦; silje.alice: ğŸ™ŒğŸ™ŒğŸ™Œ; massy.arias: Charging your phone in a different room is so smart. I need to try that!; powerlinkfitness: Great tips KaylağŸ™ŒğŸ½; jetsetluxe: Number 1 I agree but ğŸ¤£ğŸ¤£ğŸ˜«ğŸ™ğŸ¼; lyndsays_adventures: #4 doesnâ€™t have kids- but the rest I can get around ğŸ˜‚ğŸ™ŒğŸ™Œ; theactivebod: LOVE THESE ğŸ‘; amandaelenaa: @kayla_itsines I need to do the first one ğŸ˜‚; hannahgoldberg___: I need to do aim for 7 hrs of sleep ğŸ’¤ğŸ¥µ; savannahrayner_aligned: Loving the podcasts this week! Really good tips âœ¨; lena__wro: Yes ğŸ™Œ; partyofforbes: Try to get the fresh air before 11 AM; social.paridhi: Gonna try most of this week!! ğŸ’—âœ¨; __jazznico__: Thanks! I needed the reminder â¤ï¸; indianfitmom: Love all of these! 1 is a game changer
kayla_itsines,post_3,https://www.instagram.com/kayla_itsines/p/CueWzBHOKxV/,"13,805",,"jagz_1990: Sooooo pretty ğŸ”¥; mo.inshape: Itâ€™s definitely important to know the difference and to use a certified trainer not just follow random advice from social media. No need to knock fitness influencers though. They do add value PLUS being a fitness influencer can also be their life and job just like being a PT is yours.; valdalfit: Thank. You. For. This. ğŸ™ŒğŸ™ŒğŸ™Œ; tin1284tin: Juâ¤ï¸; joelynnnb: ğŸ‘ğŸ½â¤ï¸â€ğŸ”¥; fitnessnfinancegroup: Need more people like youğŸ™ğŸ¼; tamdunnington: So well said Kayla â¤ï¸â¤ï¸â¤ï¸; elistanepgen: Yes!!! Thank you for pu this out there!; fgbeautician: ğŸ‘; akhumyim.akhumyim: ğŸ’‹ğŸ’‹ğŸ’‹ğŸ’‹ğŸ’‹ğŸ’‹; netspirations: That's why you stand out!!!ğŸ™Œâ¤ï¸ğŸ˜; maren.naue: Well said! ğŸ™ŒğŸ”¥; highcountryfitness: This may be my favourite post you have ever made! Thank you, this is how myself and my team feel! ğŸ˜ƒğŸ‘ğŸ’ªğŸ‘ğŸ‘Š; hotel_parsa_kelardasht: Nice l love you; yassyfrankfitness: I LOVE this so much!!! Thank you the being the BEST role model in our Fitness IndustryğŸ¤âš¡ï¸ you inspire me everyday and I appreciate this post so much more then you no! Such an important message to spread! Knowledge is power ğŸ’›âš¡ï¸"
kayla_itsines,post_4,https://www.instagram.com/kayla_itsines/p/Cx5uXa8u4xw/,"54,548",,"tracycampbell01: Totally relate. Just one more. ğŸ˜‚; shnatkumar.ujjanage: ğŸ‘; lior_rose: His veneers are terrible! Shame on you both for what you did to his ex and your ex friend. What goes around comes around; naloweeee: im calling it now ur gonna have another one by christmas 2024; cedavis83: I felt that way after my second for quite a while, like if my husband had wanted a third I may have been crazy enough to do it (we had agreed we were done after two ahead of time). Fast forward to when she turned 1, and that feeling had passed and I was able to more clearly see why two was enough for me (mental health wise). The baby is 4.5 now and I'm so glad we're done, I love moving into this next phase of parenting, babies and toddlers are a special kind of exhausting. HOWEVER, every family is different, and you and Jae will make the best decision for your family.; t.morgs: â€œJax is annoying meâ€ is the weirdest way to start a paragraph about loving your baby; jaydasmomma: I worked out with you during my pregnancy! ğŸ˜‚ My son is close to your sons age & itâ€™s the best!!!! Thank you for helping me to stay fit and mentally stable throughout my pregnancy! ğŸ˜; ktzuba: You take the next one Jae ğŸ˜‚; emsaab1: Come onnnnn, just 1 more! ğŸ˜ğŸ¤; danelle__mentz: Babies are adorable yes, but remember they grow up, you should want ALL stages and ages, toddlers, tweens, teenagersâ€¦ the works. â¤ï¸; megan_basdeo: How did you treat his reflux ğŸ˜ª we are an ten months and still battling the journey ğŸ˜¥; francy.araujo.391: ğŸ˜‚â¤ï¸ğŸ™ŒğŸ”¥ğŸ”¥ğŸ”¥; holisticnursenancy_: Starstruck! ğŸ¥°; nikkisiho: ğŸ¥¹"
kayla_itsines,post_5,https://www.instagram.com/kayla_itsines/p/CvhWGpuMvtL/,"27,683",,mary.huntress.pwr: The cutest! ğŸ’–ğŸ’–ğŸ’–; emmakateoconnor: Cuties; aushealth_shop: It's evident that your commitment to your health not only benefits you but also enhances the quality of time you spend with your little ones. Keep up the fantastic work!; tamdunnington: Love your motivation Kayla â¤ï¸; indianfitmom: That is such a good motivation; masudrana198797: Is it your Baby?; alacquakylie: Awww so adorable ğŸ’™â˜€ï¸; gosweatpink: ğŸ˜ğŸ˜ğŸ˜ğŸ˜; concettauseli: Dolcezza infinita â¤ï¸ğŸ™Œ; halynachekirko: Bellissimo foto; williamkelly856: niceğŸ¥°ğŸ¥°; amir.tehran1357: ğŸ’™; athena.fine.jewellery: Happiness; rebecca_abrams_ct: ğŸ¥°ğŸ¥°ğŸ¥°
kayla_itsines,post_6,https://www.instagram.com/kayla_itsines/p/Cz6cZ9iSkNS/,"11,934","#dubai, #sweatcommunity, #sweatwithkayla","shalu001: So excited to see youâ¤ï¸; becccccagrace: Third pic, Jae in the background ğŸ˜„ğŸ¤£; fizzoism: OMG welcome â€¦ I have been hoping for this and unfortunately canâ€™t join this. I hope this wonâ€™t be the only event by you â¤ï¸â¤ï¸â¤ï¸; kara_fantasia: One of my best work trips ever with you!!! â¤ï¸; rach90h: @fitnessmadmamma; brittneyraetoday: ğŸ˜ğŸ˜ğŸ˜; sweat: Live bootcamps finally left the work chat ğŸ˜; trishmurphy84: Why always Dubai?; mich_w_gc: @claudia.b.stephens; emmmajaane96: Not sure if youâ€™re hiding a bump in the second pic or if itâ€™s your bag ğŸ¤”ğŸ˜‚ğŸ«¢; llanibelle: Sheâ€™s arrrrrrived; elysia_harrington: Oh such a lovely weather ğŸ”¥; lubna_ismail: @daliafaris u hv 2 go ğŸ¥¹ğŸ¥¹; iveettte: Where are her sunglasses from? ğŸ˜…; theannisohwoman: YessğŸ”¥ğŸ”¥ğŸ”¥"
kayla_itsines,post_7,https://www.instagram.com/kayla_itsines/p/CzwMql0sGx6/,"13,167",,"mubinaa88: @nimmi_rouf; ziemczi_wrc: @sandixwrc â™¡; carlos_nathangym: ğŸ‘; nourrising: @kinagee This is SO us! ğŸ¤£â¤ï¸; meyersroof: Memory unlocked ğŸ˜­ She was the one pair of eyes in a crowded room, at the most random moment, we read each others mind. She was also my sister. She died 3 months ago. 6 months ago she wasnâ€™t even sick ğŸ–¤; bri.aka.mulan: @lvara2000 @lillyvara ğŸ˜‚ğŸ™Œ; jacquelinedavis__: @cmarie_7 @pandaleighh; audib00: @jennaleman_; vineedhamanayilparambil: @gaya3_adapa; ___beckkkk___: @emilybreach94 or gifs; michellethomasorourke14: @beckyd3003; dellaraveen: @dalekirkpatrick6; hollykimberley: @esther_oconnor ğŸ¥°; callielouise_x: @xxlucyjane88xx ğŸ¤£ğŸ¤£"
kayla_itsines,post_8,https://www.instagram.com/kayla_itsines/p/C5NRkW4Ohfs/,"77,013",,"danistevens: So beautiful ğŸ«¶ğŸ¼ just keep posting them ğŸ˜‚ğŸ˜‚ğŸ˜‚; katiemmartin_: The best day ever â¤â¤â¤â¤; taylor_rohwedder: Who designed your dress? Beautiful!; sarahkolak_: Nice big digital frame that just plays them on a slideshow loop; erin_ohagan_: Collage of framed pics on your living room wall; lust__minerals: What a beautiful day ğŸ¤ğŸ˜‚ absolutely stunning ğŸ©µ; frosted_cakesanddesserts: You need to get your grandparentsâ€™ photo framed thatâ€™s for sure and make a copy framed for everyone in your family because thatâ€™s a beautiful photo to cherish in all of your homes; elinbandmannphotography: You have to have an album made!! That perfectly tells the story of the day. That you and your children can enjoy forever! Also where is your mums dress from? Its so gorgeous on her! <3; eliot_204: Get your most favourites framed and make a book to go trough then; albins22: A digital frame so you can see and display your favorites over and over again ğŸ˜; oti_breuil: Print them and mix them on a wall! Itâ€™s so cool to see them everyday; mrsibrown: Make a book!! For a long time my daughterâ€™s favorite bedtime story was my wedding photo album; katchy90: We made up a photo book for my husbands mum for Motherâ€™s Day. We have started to make some for all the other family members. I just picked out what I thought would be their favourites so on my husbands side I made it mostly of the boys, those family members from reception and ceremony etc. we just put a personalised note in the cover as well.; onion012: Here to also say, digital photo frame! â¤ï¸; jeorgia.stanton: You should definitely get a digital photo frame so that they play through as a slide show and put it somewhere special in your house â¤ we have one and itâ€™s amazing @kayla_itsines"
kayla_itsines,post_9,https://www.instagram.com/kayla_itsines/p/CxSchBDSJnN/,"10,622",,"maleneje: @amsutro kÃ¸rer ogsÃ¥ tit de her, kan ogsÃ¥ anbefalesğŸ˜Š; starner2.0: @melaniestrout swipe right for push ups from knees; omg_tennis_siblings: ğŸ”¥; travelntacos: @heybellla; ctx.jpeg: Just finished this ğŸ¥µğŸ‘ğŸ¼; khadij.86: ğŸ‘ğŸ‘; jordansartfulwellness: Exactly what I need to recover from ğŸ§ injury!; jakfog: @tayler.collins1 2nd; empoweredbyangela: Your Post-Pregnancy and Low-Impact program sounds like a great way to ease back into fitness after having a baby. Keep up the great work! ğŸŒŸ; noe_tevez11: ğŸ˜â¤ï¸; ziopilu: â¤ï¸; iamselinedairo: Please how many times make a rep?; rinila1234: Love it. Thanks; sabby.92: It is time to do this ğŸ”¥ motivated ğŸ˜; energiefitnessborough: ğŸ™Œ"
kayla_itsines,post_10,https://www.instagram.com/kayla_itsines/p/CxDRI0wsVh7/,"43,969",,"shnatkumar.ujjanage: Shnatkumar. Ujjanage 9019144064youmyhlahlanpa; beaty_jey: Wonderful and you family
Bravo your respect family ğŸ”¥ğŸ”¥ğŸ”¥ğŸ”¥ğŸ”¥ğŸ‘ğŸ‘ğŸ‘ğŸ‘ğŸ˜ğŸ˜ğŸ˜ğŸ˜; daniantonellos: A grandparentâ€™s love is something else â¤ï¸; swahiliforkids: â¤ï¸; lemonanginger: i spot koulourakia; dimitriou_katie: Î¤Î­Î»ÎµÎ¹Î¿Î¹ Î¿Î¹ Ï€Î±Ï€Ï€Î¿ÏÎ´ÎµÏ‚ ÏƒÎ¿Ï… ÎšÎ±ÏŠÎ»Î± Ï†Î±Î¹Î½Î¿Î½Ï„Î±Î¹ Ï€Î¿Î»Ï… ÎºÎ±Î»Î¿Î¹ Î±Î½Î¸ÏÏ‰Ï€Î¿Î¹ ğŸ˜ŠğŸ˜Š , ÎºÎ»Î±ÏƒÎ¹ÎºÎ¿Î¯ Ï€Î±Ï€Ï€Î¿ÏÏ‚ ÎºÎ±Î¹ Î³Î¹Î±Î³Î¹Î¬ Î±Ï€ÏŒ Î•Î»Î»Î¬Î´Î± , Î¼Îµ Ï„Î¿Î½ ÎµÎ»Î»Î·Î½Î¹ÎºÏŒ ÎºÎ±Ï†Î­ ÎºÎ±Î¹ Ï„Î± ÎºÎ¿Ï…Î»Î¿Ï…ÏÎ¬ÎºÎ¹Î± ğŸ¤ğŸ¤ Î´Ï‰ÏƒÏ„Î¿Ï…Ï‚ Ï€Î¿Î»Î»Î¿ÏÏ‚ Ï‡Î±Î¹ÏÎµÏ„Î¹ÏƒÎ¼Î¿ÏÏ‚ Î±Ï€ÏŒ Ï„Î·Î½ Ï€Î±Ï„ÏÎ¯Î´Î± , Ï‡Î±Î¹ÏÏŒÎ¼Î±ÏƒÏ„Îµ Î½Î± Ï„Î¿Ï…Ï‚ Î²Î»Î­Ï€Î¿Ï…Î¼Îµ ÏƒÏ„Î± ÏƒÏ„Î¿ÏÎ¹ ÏƒÎ¿Ï… ğŸ˜˜ğŸ˜˜ğŸ˜˜; gigic888: â¤ï¸â¤ï¸â¤ï¸â¤ï¸; 3lawei_94: ğŸ™Œâ¤ï¸; asfitnessproject: I'm so grateful to have my yiayia and papou around for my boys. They are the best. Still always leaving their place with a box full of fruit or nuts ğŸ˜; polydede: Keep them in your heart deeply â™¥ï¸ Once you will need itğŸ‡¬ğŸ‡·; ilona_motowidlo: â¤ï¸; evangeliamom: Do you speak any Greek???ğŸ”¥ğŸ‘â¤ï¸; jojoali2004: God bless them; aysegulalisan: ğŸ§¿; sera_fina_recs: Will papou share his biscuits please? ğŸ˜‚"
simeonpanda,post_1,https://www.instagram.com/simeonpanda/p/BLhYLjuAYKs/,"34,354",,innategen: Dope aiseeeh @agogo__; hhom10: ğŸ’ªğŸ’ªğŸ’ª; deepak_kamboj24: osssmmmmm; jaackrosss: @ellmastersx; bodybuilding.com.iran: ã€Šâ™¥ã€‹; venere_anderson: ğŸ˜; shomookhfit: @simeonpanda owwwwwwwwwwwğŸ‘ğŸ¾âœŒğŸ¾ï¸; jemappelle_rachelle: @marwan627 bye.; chanelsalatenna: @adreeana the best wake up ğŸ˜‚ I want I want I want!!!!! OMG them muscles hahahha; fitnesspappa: Bro you make me look fat ğŸ‹ğŸ¼ğŸ‹ğŸ¼ğŸ‹ğŸ¼; adreeana: @smiley_chacha; limailtton: Perfect definition; mohammed_ahmed10: @king_ali36
simeonpanda,post_2,https://www.instagram.com/simeonpanda/p/Bei49fQhiKk/,"60,387","#simeonpanda, #miketornabene, #mclaren, #570S, #570GT, #supercars, #carsandchronos, #dommazzetti",dtrkoeln: Kollegah = ğŸ‘‘; luka.podunavac: @milos.pavkovic living the dream; profitnesscolombia: This picture is fire ğŸ”¥; adamgordon1: @stephengblum @jaden_harris09; a.sakr_ahmed: Nice cars; inspirebysb: Awesome; thatguyjoel__: Thought that was @iamkhalidsalam ğŸ˜‚ğŸ˜‚ğŸ˜‚ğŸ˜‚ @nick_diegel @tveil47 @mmarks10 @alexzetouna21; the_curators_choice: @green_mclaren; jhonystill: ğŸ”ğŸ”ğŸ”ğŸ”ğŸ”; jwtheillustrator_: ğŸ‘ğŸ½ğŸ‘ğŸ½; claaassic_greg: Are those jeans @zanerobe @simeonpanda â‰ï¸; thegas1life: ğŸ’¯ğŸ‘ğŸ»; heismrmiles: Teach me how to be a baller like you!; igorfitness00: ğŸ‘ğŸ‘; ajayholbrook: Clean af ğŸ’¦ğŸ’¦ğŸ’¦
simeonpanda,post_3,https://www.instagram.com/simeonpanda/p/BsgM_ecBSI4/,"78,905","#vqfit, #vq",advance_estetica: Fascinante; nikkiz2626: ğŸ‘ŒğŸ¼ğŸ‘ŒğŸ¼; wbalj: ğŸ”¥ğŸ”¥; mahsa.fit21: â¤ğŸ‘â¤; savan_siddhpura369: ğŸ‘ŒğŸ‘ŒğŸ‘ŒğŸ‘Œ; hillary.gumede: ğŸ’ªğŸ½ğŸ’ªğŸ½ğŸ’ªğŸ½ğŸ”¥ğŸ”¥ğŸ”¥; fred_jrm: ğŸ™Œ; miss_fit_ana: ğŸ‘ğŸ¼ğŸ’ªğŸ½; _flo_good_: ğŸ’ªğŸ’ªğŸ’ª; hopelessmahn: AWESOME; manuel.own.style: ğŸ‘ğŸ‘; 5001followerswithnoposts: Can you help me reach 5001 followers with no posts. I don't know if its possible but I'll try.; art.kevin.ortiz: ğŸ‘ motivation af; amromamdouhperformance: ğŸ”¥ğŸ”¥ğŸ”¥ğŸ”¥; igor.slysko: ğŸ’ªğŸ½ğŸ’ªğŸ½ğŸ’ªğŸ½
simeonpanda,post_4,https://www.instagram.com/simeonpanda/p/B_W7RT5FT8-/,"58,038","#simeonpanda, #boohooman, #mensfashion, #menstyle, #menstyleguide, #mensstyle, #mens, #menswear, #la, #losangeles, #malemodel, #model, #fashion, #style, #swag, #drip, #fitnessmotivation, #abgerechnetwirdamstrand",thhesachin: ğŸ”¥ğŸ”¥ğŸ”¥; thhesachin: ğŸ’¯ğŸ’¯; francesca_marenghi_: â¤ï¸My dream are you; omar_mbata: @iamspecialized @iamspecialized_road; ngiyopono: I need this Simeon; a_certain_jinesequa: Donâ€™t forget to wear a Helmet!; jasprit.singh.52206654: â¤ï¸â¤ï¸; episodcinema: Cool image ğŸ˜®ğŸ‘; ahmadaabdallahali: ğŸ˜ğŸ˜˜; jesusss_oficial: Excellent picture friend.ğŸ‘ğŸ˜ğŸ’ªğŸ˜ğŸ˜ğŸ˜; fitness.nanny.beachbody: @tsevelekidou ğŸ’ª #fitnessmotivation #abgerechnetwirdamstrand; hanan__hsso: â¤ï¸; baldpopeye: You Need to Get your Self A Nice Road bike buddy All Carbon U ever ride a roas bike compare to a moutain bike Really hits the Qauds. And the Ass n Hamstring!; alecaldeirarj: ğŸ”¥ğŸ”¥ğŸ”¥ğŸ”¥ğŸ˜ğŸ˜ğŸ˜
simeonpanda,post_5,https://www.instagram.com/simeonpanda/p/CFJVXBZBj6s/,"215,656",#Elimin8challenge,"leogaiato: @theprincegypsy ficou bem esse boy ne; yasser_abuelhassan_musa_: He should be the winner panda this is my oppinion; heatupfitnessstudio: This is great; wv.mugo: @iglyneee Hawa watu hutubeba upuziğŸ˜‚Ati ni the same personğŸ˜‚
Slide 3 vichwa ata si shape mojağŸ˜­; awed734: ğŸ™ŒğŸ™Œ; iniherit1: Smh fake shit ğŸ˜‚ dude just cut already had tones of muscles just go to his page and track it .. dude was bulking then cut ..; _fancythebarber: Wow!; argentinaworldcup: This is called â€œreverse challengeâ€ Itâ€™s a clever game that online coaches play. Find a shredded guy, and pay him to take take 8 weeks off. He takes pics of himself at his peak as week follow it up by eating junk food for 8 weeks... then take a picture claiming itâ€™s week 1!; nickyloveslove: If this was 4th place what did 1st look like ğŸ¤”ğŸ¤·ğŸ¿; wang_edmond: I am still under the firm belief that Simeon Panda is in fact natural; jewis_bail: Don't skip neck day; elzayd_: In two months? ğŸ¤”; dealeroneee: Give me some of what he's on lmaoo; neurobjj: What sarms did he take?"
simeonpanda,post_6,https://www.instagram.com/simeonpanda/p/MZdASKkuRw/,121,"#ThumbsUp, #simeonpanda, #fitness, #bodybuilding, #Hoody, #cumminup, #greatmotivation","workaholic_wright: @simeonpanda Patience and work ethic is what it takes. I appreciate the motivation Simeon. Keep it up. I'm looking to compete beside you one of these days. I'm only 21,but I have the work ethic. Keep posting; ryynoo_: @shushyazh g mode lol; simeonpanda: @lissapereza7 just seen this (46wks late lol) that's good! Hope you're still training hard :); shushyazh: @ryy_noo tryna look like mr panda here bro. #Hoody; lissapereza: My cousin patsy mentioned you today and sent me the wedding pics...i just realised where i know your face from...my dads shop #cumminup in catford...small world ey..you keep up the good work...God has truely blessed you and you are walking and breathing it ...just by seeing you video's today has made me want to work harder in my gym sessions and i WILL #greatmotivation x; 11_tiffany.11: I love a man in sweats !"
simeonpanda,post_7,https://www.instagram.com/simeonpanda/p/BMTWyNwAnLY/,"39,903",,"dominique_fattaccio_official_: ğŸ™ğŸ½â™¥ï¸; dominiquefattaccio_official: â¤ï¸; tim_hemme: ğŸ’ªğŸ’ªğŸ’ª; kcrew88: Linear. Lol self centered you mean.; jonestraceyl: Hello are you single?; bthnbzbs: mh, @aylincaydas; lil_littal: Not bad but his boobs are bigger than mine ğŸ¤” @alem_feratovic; alem_feratovic: @lil_littal ?; charafeddine_._: why the fuck are you wearing boxers at the gym nigger; lauracizej: @turnsekalja; nadielemonique_enf: ğŸ’ªğŸ’ª@lessa_jonathan; lessa_jonathan_39: @nadielemonik; nana_bedi: Perfekt; nitsualloyd: Good shit, I needed that; qowa_1998: ğŸ‘ğŸ‘"
simeonpanda,post_8,https://www.instagram.com/simeonpanda/p/CG-0iORhuES/,"178,606",,"kingtobias52: @miss_jamaican like thisğŸ‘€ğŸ‘€; iam_karim_chaib: Ø§Ù„Ù„Ù‡ ÙŠÙ‡Ù†ÙŠÙƒÙ… Ø³ÙŠÙ…ÙˆÙ†ÙŠğŸ˜‚ğŸ¤²; louis__ad_: @jusco_glo if only bruhhb if only ğŸ˜ª; papluchow: Cannel is so basic its unberlievable, ive had better gyal on road myself and im a nobody; biancx11: Walking out of one session of SWITCH like... ğŸ˜‚ @donpapichulo_ â¤ï¸; m_ohamed70: ğŸ”¥ğŸ”¥; m_ohamed70: ğŸ”¥ğŸ”¥ğŸ”¥; m_ohamed70: ğŸ”¥ğŸ”¥ğŸ”¥ğŸ”¥; allmodestattire: @simeonpanda would pass for an action movie actor; young_great92: ğŸ”¥ğŸ”¥; edumatthias: @santos_4na; nurturedbynatali: Bad ğŸ”¥; itsme_anand_98: WowwğŸ˜˜ğŸ˜˜ğŸ”¥ğŸ”¥ğŸ˜®ğŸ˜®â¤ï¸â¤ï¸; denisonwork: Show; jahdan_ged: Sooooooo cool ğŸ’¯"
simeonpanda,post_9,https://www.instagram.com/simeonpanda/p/BmoLcqQh50Q/,"127,642","#simeonpanda, #bodybuilding, #teamjustlift, #esmagaquecresce",jardinmodistayartesano: ğŸ˜‰ğŸ˜‰; fit_carlos_ale: #esmagaquecresce; maheshchand4020: 100lid body bro; maheshchand4020: 100lid body bro; tanyargh: @ruthealee ğŸ¤¤; ademonte13: ğŸ¦; mr_legend23: ğŸ‘Œ; reifi91_: Great ğŸ˜; radhekittu: I love you brother; amira_cocoo: â¤ï¸; linux_f: Great pic; gana_b3125: Nice; sharad.bharati: Great job brother; am_shekhar: Wao; po10tial_lionfitness: ğŸ”¥ğŸ”¥
simeonpanda,post_10,https://www.instagram.com/simeonpanda/p/CG3O1ZTBJBJ/,"151,813","#simeonpanda, #backanatomy, #shouldersexercises, #backexercises","moetog_: @moe_miracles; john_frb_31_de: Song from the 2 Video please ?; _crescimentoconstante: i loved this program of trein; _crescimentoconstante: i loved this program of trein; joashmckabe: Today am on it @simeonpanda; jeancarlocarmona: Victorbatista29; momo.alo178: ğŸ‘ğŸ‘ğŸ‘ğŸ˜ğŸ‘ğŸ˜; doctor.omohan.1: I CURE ALL KINDS OF HUMAN INFECTIONS & DISEASES WITH PURE NATURAL ROOTS ğŸ‚ & HERBS ğŸŒ¿ .My herbal Medicine Is Tested And Trusted With 0% Side Effect and 100% Cure For STDs like HERPES,HPV,HIV & Non-STDs Eg CANCER,DIABETES, With 100% Proof..We Treat, But God Heals...â˜Call /WhatsApp Us 24Hours A Day Via +2348076457633; neettoantonio: @ericvioto; l_mn_ny: The red highlighting of the muscles in the 4th video are super helpful ğŸ‘ğŸ‘; fabi_gusto: @fernandomrodrig olhas esses ai brabo em; the_leica_artist: @justin_2it check him out. Dope work.; alexandur.peychev: Song from the last video?; _theghost._: I NEED BODYWEIGHT FAM..make a page for body weight excercises too or something"
emilyskyefit,post_1,https://www.instagram.com/emilyskyefit/p/tK3F2JlRJj/,"9,317",#sexymumma,"alena_s_fit: Amazing âœ¨âœ¨âœ¨; happydetoxtea: ğŸ‘‹ğŸ‘Œ; jasmincd: Goals. ğŸ’ªğŸ¼@sndgarcia79; kbotill2: I want her suit @priss_c20; aggi62: Where did you get that bikini?; davidevolve353: @louloudunc not far off, got the boobs n tan, her abs are ridic eh? You needn't change x; loulouduncs: @davidarnotpt ...this lady is my body inspo...do-able?!? #sexymumma; tordekong: @yanethpb hola ğŸ˜ğŸ˜ğŸ˜; yanethpb: @andresdta pronto; yasmintaylor5: Where is your bikini from??; josewiles: ğŸ‘ğŸ‘Œ @emilyskyefit; marcefandino: @laurablancofayad; cindy.lucidorio: @emhaze; from.struggle.to.sparkle: What brand are those bikinis?; mr.line: Beautiful Eyes ØŒ fantastic physique"
emilyskyefit,post_2,https://www.instagram.com/emilyskyefit/p/1heTYllRG-/,"3,980",,"alena_s_fit: Yaaaaas â¤ï¸ğŸ”¥âœ¨; laurenprosser: @fittiefeefee; emmaamies: @kcrkelly I think I want to try her programs hmmm; valdemarnogueira: Lindo corpo ğŸ˜ğŸ˜˜ğŸ‘€; fernandamontealegrem: @karlryuzaakii Mk unas duras quitarse el gordo de la cintura; karl_ryuzaa: @fernandamm586; heba_abuamer_: Ø­Ø¨ÙŠØª@hallo_abuamer ÙŠØ¨ÙŠ ØµØ¨Ø± ÙˆØ¹Ø²ÙŠÙ…Ù‡; moniquemccreanor: @ebay1002 the guide is emailed and the videos are all online :); francesli11: @emilyskyefit Hi Emily, I'm interested in the programme but have a few questions! Is it possible to email you? Or you can contact me on Frances_li@hotmail.co.uk; ebay1002: @emilyskyefit when I join your programs will I get everything included online or will it be mailed to me?; colleenhoneygirl: What brand is your white sports top? @emilyskyefit; j0llllllyyyyyyy: Hi miss @emilyskyefit im a one fan.. have cheat days for the last 6days.. and now im back on track!;) keep the spirit miss.. u motivate me:); cheryl.hayes56: Amazing @jabeattie56 ğŸ˜; jabeattie56: @cadams56 look at this body ğŸ˜ğŸ˜; luismoren1: K hermosa"
emilyskyefit,post_3,https://www.instagram.com/emilyskyefit/p/rIWrIClRBY/,"6,754",,alena_s_fit: ğŸ‘ŒğŸ‘ŒğŸ‘Œ; jamienigro: @vitop85; flaminruby: AmenğŸ’™; gianni_petino: @incoganto; ashybines: ğŸ‘; b_claudiaa__: @disturbed1; ave_lim: @rhoxeerebelde; montanamccall: @motillman agreeeeeed!; niji.mama: @j6hnor; raytayy18: @jah_bermundo lets; hercegovka_74: Nicely said; mad_ahmadinho: @hnessy87 ğŸ˜˜; kois_world: @l3xcee awww this is great quote!; tonelli84: ğŸ’š @frokenlind
emilyskyefit,post_4,https://www.instagram.com/emilyskyefit/p/kX_wxBlRIf/,"2,771",,alena_s_fit: ğŸ’ªğŸ’ª; happydetoxtea: ğŸ‘‹ğŸ‘Œ; nncy_fncy: @air_ah_kahjay True that!!!; _goofy_: @shellmshaw; sinsolo_siks1nina: Boom ğŸ’¥ yup! I know that's right !!!; _kim.pham_: @sananob; friendlyneighborhoodanca: @niallhoran; ellabby07: @bexxxg12; amberrominger: @lgflexhard78; _dana_nichole_hines_: @emilyskyefit love this!!!!!!; meg79lg: Story of my life ğŸ˜Š; lii.sa.ko: i love it. â™¡; lisaalexandra__: â¤ï¸â¤ï¸â¤ï¸; anidanie77: @anetteak
emilyskyefit,post_5,https://www.instagram.com/emilyskyefit/p/C1BxgxPBQQu/,"18,389",,"lookalikes53: Happy belated Birthday ğŸ‚ ğŸ¥³

Love your hair colour btw!
Showing it to my hairdresser!; rubina_athleisure: Happy birthday!!! ğŸ‰ğŸ‚ğŸ¥³; pioneerjewelleryau: We did a pony party for her 6th ğŸ˜; pioneerjewelleryau: Lily would have loved to have come; st_forsure: H body ğŸ¥³; st_forsure: Itâ€™s like yesterday and my son turned 5 on the second of Dec; hnhbodies: Happy birthday; marsha.smoodanderson: Happy birthday Mia; stephanie_dlx: Happy birthday Mia ğŸ¬ğŸ­ğŸ°ğŸ‚ğŸ§ğŸ¡ğŸ¦; vlsorge: same day my girl turned 6 ğŸ’“; katgibber: Wow I cannot believe Mia is 6 already. Happy birthday to her! ğŸ‚; texasmm69: Happy birthday ğŸ‚ ğŸ¥³ ğŸ‰ ğŸˆ; balanced.banaa: Cant believe been following u since u were pregnant with herğŸ˜¢ğŸ˜¢â¤ï¸â¤ï¸; babymoosehulbert: Happy Birthdayâ¤ï¸ğŸ˜; mayriux2: Hbd a tu hermosa princesa ğŸ˜ğŸ‘"
emilyskyefit,post_6,https://www.instagram.com/emilyskyefit/p/8Sxf-lFRE-/,"7,897","#morewomen, #ELLEFeminism, #girlpower, #soareyours",alena_s_fit: Good work ğŸ‘ŒğŸ‘Œ; happydetoxtea: ğŸ‘‹ğŸ‘Œ; shes_so_sher: Way cool photo!! ğŸ’•ğŸ‘; lust__minerals: You'll have to try lust @emilyskyefit its 100% mineral- vegan certified and you can sleep in it it actually feeds your skin with vitamins ğŸ˜ŠğŸ˜˜ğŸ’; spasini: @tullylou; czechmmi: Pretty; hervin75: Santa Maria.. ğŸ˜³ Prega per noi.. ğŸ™ğŸ»ğŸ˜‡; bachirimuad: Ciao; bdolly83: #soareyours @kate_mitchell83 ğŸ˜ğŸ˜‰ğŸ˜˜; an_k_ahh: ğŸ˜ğŸ™ğŸ¼ğŸ‘ğŸ»ğŸ’â­ï¸ğŸ’–ğŸ‘¼ğŸ¼; _danislade_: ğŸ’œğŸ’œ; dgnyslds: Pretty girlsğŸ‘ğŸ‘ğŸ‘; emilyskyefit: @newjuliess No I don't wear any makeup when I workout unless I have one from a photo shoot or filming and don't have makeup wipes with me.; ju97lie: Do You workout with make-up on? â˜ºğŸ˜˜; amandalinneas: ğŸ˜!!!
emilyskyefit,post_7,https://www.instagram.com/emilyskyefit/p/q9Qq4ClRAw/,"6,066",,"alena_s_fit: Yaaaaas â¤ï¸ğŸ”¥âœ¨; jgcamargo_: @carollais_; hctrg: Emily, you are so perfectly fit and well built.ğŸ‘ğŸ‘ğŸ™ğŸ˜Š; datu.masrin: I really LIKE your philosopy.. Vision.. and your effort.. DO LIKE I DO.. LIKE I DID..; shauncergoli133: The things i would do ğŸ˜µ; carolina_elizabeth_cobos: @priscilapecina yo tmbnğŸ˜ª; brendapriscilacg: Quiero despertar y verme asÃ­ un dÃ­a de estos!! :p @carolina_elizabeth; ninzisthenickname: @heyyykimmy goal; maryffrota: @shirleyconrado esse aqui Ã© o outro perfil dela, tambÃ©m serve de motivacional ;); fitnessmotivation_beast: ğŸ‘; kryspygrace: @emilyskyefit even if I'm not following the meal plan and just do the workouts will I get the same results? Just curious â˜ºï¸; kaansanders: @ohmanantayanamaha senden de bekliyorum benzerini eheheh; lasofacomoda: @figenisevme ya bu nasi yaa?ğŸ˜¹; emilyskyefit: @myriamjoseph That offer ended this morning, but send a message to: support@30dayabshred.com.au and just tell them you saw it advertised today for 50% off and spoke to me and I told you to contact them. ğŸ˜ŠğŸ˜˜; emilyskyefit: @kezd91 I don't take supplements and I use my own organic protein powder. It's whole food and is the only protein that doesn't make me sick! It will be ready for sale in about a week! ğŸ‘ğŸ˜Š"
emilyskyefit,post_8,https://www.instagram.com/emilyskyefit/p/CQBROlSh0Jl/,"64,939",,alkhaledyoussef: ğŸ”¥â¤ï¸; leesa_nozari: Gotta say he did get your angle bang on! ğŸ”¥; ricardojoseaguiardos: ğŸ˜®ğŸ˜®ğŸ˜®ğŸ˜®ğŸ˜®ğŸ˜®ğŸ˜®ğŸ˜®; bwmhmdmqdm8: Ø³Ú©ÛŒ; bwmhmdmqdm8: Ø³Ú©ÛŒ; ss3vivi3ss: @bunny19_uae; luismunhos: Beautiful Love womam Muy hermosa e Muy bella Mujer besoss ğŸ˜˜ğŸ˜˜ğŸ˜˜ğŸ˜˜besoss â¤ï¸â¤ï¸â¤ï¸â¤ï¸â¤ï¸â¤ï¸â¤ï¸; emilyrocks16: Swimsuit link please !!!; _christine_alicea_: You go girl ğŸ”¥ğŸ‘â¤ï¸; pesare__jazaab: ğŸ”¥; faithwillrise: @emilyskyefit your so incredible â¤ï¸â¤ï¸â¤ï¸; ahsankwhstany642021: ğŸ‘ğŸ‘; annjka: ğŸ˜‚ğŸ˜‚ğŸ˜‚; miss.azam12: ØªØµÙˆÛŒØ±ÛŒ Ø¯Ø§ÛŒØ±Ú©Øª; miss.azam12: ØªØµÙˆÛŒØ±ÛŒ Ø¯Ø§ÛŒØ±Ú©Øª
emilyskyefit,post_9,https://www.instagram.com/emilyskyefit/p/_DdvUrlRAa/,"6,420","#relationships, #love, #friendship, #emilyskye, #funny, #funnyquote",alena_s_fit: ğŸ”¥ğŸ”¥ğŸ”¥; leannemarie423: @stefarrell_ ğŸ˜‚ğŸ¤”; justinemarnell1: @_catherinewalsh; michellegmahan: @shelbymaldo; saraleeeex_: @nessahooooran; fatemahundekari: @sankeshpalrecha; rezahadizade: ğŸ’•; adl2396: @jailenealba; hazellilly67: @whitehulk88 ğŸ’‹; hernameispine: @joeydumlao123 us sometimes; florida_____girl: @captrons_adventures; aleferpi_96: @kev_m22; angelclarissa1214: @tin_head; mahsa.d711: Yes; kayla.craddockk: @tcraddock88 ğŸ˜˜ğŸ˜œ
emilyskyefit,post_10,https://www.instagram.com/emilyskyefit/p/BuBxkNgBo_I/,"120,076","#emilyskye, #14monthsold, #beachbaby, #fitmama, #mentalhealth","labelgirl2: @bellasmom55333; audace_mente: Love this picture ğŸ˜; ll.e.x.ii: I love the matching swimsuits where are they from?; sweatdog48: Cute; ironman8875: ğŸ˜; marykaychiko: ğŸ”¥ğŸ”¥ğŸ’ªğŸ’ªğŸŒºğŸ’œğŸ’œ; radoi.denisa: â¤ï¸â¤ï¸â¤ï¸; beautyblog.berlin: Pretty cute ğŸ’•; apueski: partner look with mummy; hzl_eyez: @emilyskyefit where are you finding all these precious mommy and me swimsuits and workout gear?? They're everything!!ğŸ¥°ğŸ¥°ğŸ¤—â˜º; deepthi.xo: @ekhrah; brittrella: Omg! Love your mommy and me suits! Where are they from??; holly_v_i_a: Those swimsuit ğŸ˜ğŸ˜ğŸ˜; z81n__: Ø­ÙŠØ§ØªÙŠÙŠÙŠÛÙ°
ØªÙØ§Ø¹Ù„ Ø³ØªÙˆØ±ÙŠ Ø§ØªÙØ§Ø¹Ù„ ÙˆÙŠØ§ÙƒğŸ˜ğŸ™ˆ; goplus_official: So cute ğŸ’•"
lazar_angelov_official,post_1,https://www.instagram.com/p/C4-9Cw8N8TV/c/17884271771966107/,"10,084",,
lazar_angelov_official,post_2,https://www.instagram.com/p/DAvg2GXtTvW/,"6,677",,
lazar_angelov_official,post_3,https://www.instagram.com/p/C4-9Cw8N8TV/c/18037936942731358/,"10,084",,"dr.alextosev: Bulgarian ğŸ‡§ğŸ‡¬?; ravivar.hai: Sounds like BS..; aherman.fit: Itâ€™s a technique move and itâ€™s NOT a back movement. Itâ€™s a leg and hip movement. Itâ€™s also a fundamental human motionâ€¦. Are you not supposed to pick something off the ground the rest of your life? Deadlifts are essential. In 10 years of training I have never had a client injure their back due to deadlifting.; sam_am_ralte: My friend has won bodybuilding competitions without ever including the deadlift. I believe the deadlift is one of the least beneficial exercises when it comes to hypertrophy. People have become champions in bodybuilding without ever doing the deadlift.; wujeq_lolo: Increase testosterone ? ? ? ğŸ˜‚ğŸ˜‚ğŸ˜‚; luisluniku: Bro we know this,do you have new study or experienc ?; rrfitness0001: Damn what happen to this guy; leonardo_sumarlin: High risk, low reward; curt_ice24: Great for a herniated disk too. 2 if you're lucky like me; stayfit_coach1: Yes!; jakhar_naveen08: Sir should we deadlift first or last during back workout; d_caspersen: it increases our chance of even more damage alsoğŸ˜ğŸ˜… so don't do that exercise unless you train like a strongmanğŸ˜…; mikhailadams7: Isolation Excercise grow muscles more.; imranali_s72: â¤ï¸â¤ï¸; gia.mendez: exatlyğŸ‘ğŸ‘; tavewalker: Gracias por la motivaciÃ³n de tantos aÃ±os hombre! De verdad, gracias!"
lazar_angelov_official,post_4,https://www.instagram.com/p/DAI2rAFtI-F/,"9,198",,
lazar_angelov_official,post_5,https://www.instagram.com/p/C4-9Cw8N8TV/c/18312644668178741/,"10,084",,"wujeq_lolo: Increase testosterone ? ? ? ğŸ˜‚ğŸ˜‚ğŸ˜‚; ravivar.hai: Sounds like BS..; aherman.fit: Itâ€™s a technique move and itâ€™s NOT a back movement. Itâ€™s a leg and hip movement. Itâ€™s also a fundamental human motionâ€¦. Are you not supposed to pick something off the ground the rest of your life? Deadlifts are essential. In 10 years of training I have never had a client injure their back due to deadlifting.; sam_am_ralte: My friend has won bodybuilding competitions without ever including the deadlift. I believe the deadlift is one of the least beneficial exercises when it comes to hypertrophy. People have become champions in bodybuilding without ever doing the deadlift.; luisluniku: Bro we know this,do you have new study or experienc ?; rrfitness0001: Damn what happen to this guy; leonardo_sumarlin: High risk, low reward; curt_ice24: Great for a herniated disk too. 2 if you're lucky like me; stayfit_coach1: Yes!; jakhar_naveen08: Sir should we deadlift first or last during back workout; d_caspersen: it increases our chance of even more damage alsoğŸ˜ğŸ˜… so don't do that exercise unless you train like a strongmanğŸ˜…; mikhailadams7: Isolation Excercise grow muscles more.; imranali_s72: â¤ï¸â¤ï¸; gia.mendez: exatlyğŸ‘ğŸ‘; tavewalker: Gracias por la motivaciÃ³n de tantos aÃ±os hombre! De verdad, gracias!"
lazar_angelov_official,post_6,https://www.instagram.com/lazar_angelov_official/p/C8R9WlwtfbI/,"6,300",,"josefrakich: BRO THIS IS AMAZING! Well done bro, so happy for you! This is HUGE! ğŸ†ğŸ†ğŸ†; ibrahiim____: ğŸ˜ğŸ˜ good move ğŸ™Œ; maggikrealty: Beautiful ğŸ”¥ğŸ”¥ğŸ”¥; heath.gascoigne: Congrats Big Man! ğŸ™Œ; murga____: TAKING IT TO THE NEXT LEVEL! GOOD JOB BROTHERğŸ’ªğŸ»ğŸ’¯; vusal_mammadli_1: Congratulations; stefanov_gh: Ğ’Ğ¸Ğ½Ğ°Ğ³Ğ¸ ÑĞ¸ Ğ·Ğ° Ğ¿Ñ€Ğ¸Ğ¼ĞµÑ€ ğŸ”¥; lemi_san_gezer: ğŸ§¿ maÅŸallah; gajwani__devansh: Is it only for sale or can you rent that for some vacations ?; daniel_hairforce: ğŸ”¥ğŸ”¥ğŸ”¥ğŸ”¥ğŸ”¥ğŸ”¥ğŸ”¥ğŸ”¥ğŸ”¥; rfernan63: Gorgeous; themosaabbjj: ğŸ‘ğŸ‘; milas_mirror_diary: Congratulations Lazar x; anthonyliondary: @bikerssen nada mÃ¡s eso ğŸ˜‚"
lazar_angelov_official,post_7,https://www.instagram.com/theathletefactoryleb/p/C0CWBuvsMqv/,"5,812",#armukraineasap,"mp_redoficial: Acabou o shape? O que sobrou foi sÃ³ a fama que ja teve..; iamsergiofit: Lazar olmuÅŸ lazer ğŸ˜‚; cankofeimov: Oohh seksi sipergut loveğŸ”¥ğŸ”¥ğŸ”¥ğŸ”¥ğŸ”¥â¤ï¸â¤ï¸â¤ï¸â¤ï¸â¤ï¸â¤ï¸â¤ï¸; massario_offiziell: Kein Grund zu lachen an die Leute hier er hatte bereits zugegeben das nachgeholfen hatte aber trotzdem hat er mit seinen Figur ein Trend in der Fitness Industrie gesetzt. Jetz ist er ein erfolgreicher Business men . Muskel werden frÃ¼her oder spÃ¤ter mit alter nicht bleiben ;); zimmerklaus: zametnyy; qoc030: ğŸ™ŒğŸ™Œ; yahiaalidxb: Hi lazar

I would love to do a podcast episode with you in USA

Can you check your DMs ?; servicio_baez: ğŸ”¥ğŸ”¥ğŸ”¥ğŸ”¥; abo1fzl: https://share.socialrebel.co/Abolfazl9428; aldincampara: @k0la220 no steroids no body ğŸ˜…; gianninobile8141: because he no longer uses steroids?; sercan.fit: You are my big big Inspiration brother. Hope you doing well. Take care â¤ï¸; oleh_hrishchenko: #armukraineasap"
lazar_angelov_official,post_8,https://www.instagram.com/lazar_angelov_official/p/C1uPmGmtftJ/,"38,445",,"vitalio22: ğŸ™ŒğŸ”¥ğŸ™Œ; josefrakich: â¤ï¸â¤ï¸â¤ï¸; lesp5133: Staple center !!!; vknasbid: Very very sorry to talk with you; _.simonegiuffre._: You looks good, bro.; julianelenbaas: Nice coupleğŸ”¥ğŸ”¥ğŸ”¥; hamidabolhasani_ifbbpro: ğŸ‘ğŸ‘ğŸ”¥ğŸ”¥; al_rahil_bin_abdullah: My all time favorite â¤ï¸â¤ï¸; alicherif.aesthetic: She is beautiful homee; jackedacademyy: Lazer the jacked legend ğŸ”¥ğŸ™Œ; ilian.ivanov.129: Ğ—Ğ° Ğ¼Ğ½Ğ¾Ğ³Ğ¾ Ğ³Ğ¾Ğ´Ğ¸Ğ½Ğ¸; belyanazheleva__1: Cool couple a lot of health and a successful yearâ¤ï¸ğŸ‘; yousefismail1290: ğŸ™ŒğŸ™Œâ¤ï¸; bashin9: My favorite coupleâ¤ï¸ğŸ™ŒğŸ”¥ğŸ˜; styagov__official: @lazar_angelov_official ĞºĞ¾Ğ³Ğ´Ğ° Ğ¶Ğ´Ğ°Ñ‚ÑŒ Ğ»ĞµĞ³ĞµĞ½Ğ´Ğ°Ñ€Ğ½Ñ‹Ñ… Ğ¸ Ğ³ĞµĞ½ĞµÑ‚Ğ¸Ñ‡ĞµÑĞºĞ¸ Ğ¾Ğ´Ğ°Ñ€ĞµĞ½Ğ½Ñ‹Ñ… Ğ´ĞµÑ‚Ğ¸ÑˆĞµĞº ğŸ‘¶ğŸ‘¶ğŸ‘¶???"
lazar_angelov_official,post_9,https://www.instagram.com/p/C4-9Cw8N8TV/c/18033889633849299/,"10,084",,"imranali_s72: â¤ï¸â¤ï¸; aherman.fit: Itâ€™s a technique move and itâ€™s NOT a back movement. Itâ€™s a leg and hip movement. Itâ€™s also a fundamental human motionâ€¦. Are you not supposed to pick something off the ground the rest of your life? Deadlifts are essential. In 10 years of training I have never had a client injure their back due to deadlifting.; wujeq_lolo: Increase testosterone ? ? ? ğŸ˜‚ğŸ˜‚ğŸ˜‚; luisluniku: Bro we know this,do you have new study or experienc ?; ravivar.hai: Sounds like BS..; rrfitness0001: Damn what happen to this guy; leonardo_sumarlin: High risk, low reward; curt_ice24: Great for a herniated disk too. 2 if you're lucky like me; sam_am_ralte: My friend has won bodybuilding competitions without ever including the deadlift. I believe the deadlift is one of the least beneficial exercises when it comes to hypertrophy. People have become champions in bodybuilding without ever doing the deadlift.; stayfit_coach1: Yes!; jakhar_naveen08: Sir should we deadlift first or last during back workout; d_caspersen: it increases our chance of even more damage alsoğŸ˜ğŸ˜… so don't do that exercise unless you train like a strongmanğŸ˜…; mikhailadams7: Isolation Excercise grow muscles more.; gia.mendez: exatlyğŸ‘ğŸ‘; dr.alextosev: Bulgarian ğŸ‡§ğŸ‡¬?"
lazar_angelov_official,post_10,https://www.instagram.com/p/C4-9Cw8N8TV/c/17870093799079492/,"10,084",,"d_caspersen: it increases our chance of even more damage alsoğŸ˜ğŸ˜… so don't do that exercise unless you train like a strongmanğŸ˜…; ravivar.hai: Sounds like BS..; aherman.fit: Itâ€™s a technique move and itâ€™s NOT a back movement. Itâ€™s a leg and hip movement. Itâ€™s also a fundamental human motionâ€¦. Are you not supposed to pick something off the ground the rest of your life? Deadlifts are essential. In 10 years of training I have never had a client injure their back due to deadlifting.; wujeq_lolo: Increase testosterone ? ? ? ğŸ˜‚ğŸ˜‚ğŸ˜‚; luisluniku: Bro we know this,do you have new study or experienc ?; rrfitness0001: Damn what happen to this guy; leonardo_sumarlin: High risk, low reward; curt_ice24: Great for a herniated disk too. 2 if you're lucky like me; sam_am_ralte: My friend has won bodybuilding competitions without ever including the deadlift. I believe the deadlift is one of the least beneficial exercises when it comes to hypertrophy. People have become champions in bodybuilding without ever doing the deadlift.; stayfit_coach1: Yes!; jakhar_naveen08: Sir should we deadlift first or last during back workout; mikhailadams7: Isolation Excercise grow muscles more.; imranali_s72: â¤ï¸â¤ï¸; gia.mendez: exatlyğŸ‘ğŸ‘; tavewalker: Gracias por la motivaciÃ³n de tantos aÃ±os hombre! De verdad, gracias!"
adarshfitness.in,post_1,https://www.instagram.com/adarshfitness.in/p/C_9uWRgSngI/,18,,_shauryajaiswal: Thanks a lot for making it possible âœ¨
adarshfitness.in,post_2,https://www.instagram.com/mr.quadriceps/p/C7OumJVpx1Z/,50,,sumitsinghfit: ğŸ”ª; rsahab: ğŸ”¥ğŸ”¥
adarshfitness.in,post_3,https://www.instagram.com/mr.quadriceps/p/C5p-vzepJSK/,49,#nopainnogain,sudhsudhir: ğŸ˜‚ğŸ˜‚ğŸ˜‚ğŸ˜‚ğŸ˜‚abhi tak duniya has rahi .. duniya hi badal do ğŸ¤£; trainwithayaan: Ready for the war?ğŸ”¥ #nopainnogain
adarshfitness.in,post_4,https://www.instagram.com/mr.quadriceps/p/C5vBJGNNcqa/,32,,saurabhpandey1116: â¤ï¸
adarshfitness.in,post_5,https://www.instagram.com/adarshfitness.in/p/C4_BLAst0tZ/,4,,itsmeroyalshubham: ğŸ”¥ğŸ˜
adarshfitness.in,post_6,https://www.instagram.com/adarshfitness.in/p/C45B2IRNBVT/,51,,rsahab: ğŸ”¥ğŸ”¥ğŸ‘
adarshfitness.in,post_7,https://www.instagram.com/adarshfitness.in/p/C47n2q7tlsV/,11,,
adarshfitness.in,post_8,https://www.instagram.com/mr.quadriceps/p/C6gV2wztC9w/,90,,__shambhavi__29__: Waah ğŸ‘; chubbycheeks_forlife: YayyyğŸ’‹ğŸ§¿; officialmayank007: congratulations brother â¤ï¸âœŒï¸; iankitaapandey19: You deserve it Brother ğŸ˜ğŸ”¥ğŸ˜; flame_boii07: Congratulations Bhai â¤ï¸; _always_a_mysteryy_: BhaiğŸ”¥ğŸ’ªğŸ§¿; kamlesharya_uk_01: â¤ï¸ğŸ”¥; kamlesharya_uk_01: ğŸ”¥ğŸ”¥; rw._fitness: ğŸ”¥ğŸ”¥; zaaralicious10: Congratulations bhaiğŸ˜; shobhit.narain.agarwal: ğŸ‘ğŸ‘; coach_pawan_yadav: Dekh Dekh Dekh kaise flex kar rha....naii maanegağŸ‘ŠğŸ»â˜ºï¸
adarshfitness.in,post_9,https://www.instagram.com/mr.quadriceps/p/DAdopxhNyTM/,34,,this_is_rahil: ğŸ”¥ğŸ”¥ğŸ”¥ğŸ”¥; coach_pawan_yadav: PaajiğŸ”¥; gym.generation__: Share
adarshfitness.in,post_10,https://www.instagram.com/mr.quadriceps/p/C7a53CXt8Zb/,58,,kamlesharya_uk_01: ğŸ”¥ğŸ”¥; __.utkarsh_verma.__: ğŸ”¥; chubbycheeks_forlife: â¤ï¸
_fitness__vlogger__,post_1,https://www.instagram.com/__pankaj_bhagat__/p/DA8bs7AT8T7/,108,"#post, #posing, #workout, #edit, #explore, #reels, #trending, #instagram, #aesthetic, #fit, #fitness, #fitnessmodel, #gym, #health, #lifestyle, #viral, #video, #bodybuilding, #newpost, #model",kapil___kkt9s: â¤ï¸â¤ï¸; rmenske: handsome & aesthetic AF ğŸ˜ğŸ‘‘ğŸ”¥ğŸ”¥ğŸ”¥ keep going bhai â¤ï¸ğŸ’ªğŸ¾; sambit__kuamr: â¤ï¸â¤ï¸â¤ï¸â¤ï¸; dogra_mohit1: ğŸ—¿ğŸ—¿ğŸ”¥ğŸ”¥ğŸ”¥ğŸ™ŒğŸ™Œ; _007_bishu__: ğŸ”¥â¤ï¸; jati_n9663: â¤ï¸ğŸ‘ğŸ’ªğŸ»ğŸ‘ğŸ»; _lahua_75: ğŸ”¥ğŸ”¥ğŸ”¥ğŸ”¥; itz_rajput_saab_855: ğŸ”¥ğŸ”¥; __vaibhav_001__: â¤ï¸ğŸ”¥ğŸ™Œ
_fitness__vlogger__,post_2,https://www.instagram.com/__pankaj_bhagat__/p/C-g5AxQRGme/,182,"#workout, #explorepage, #explore, #reels, #post, #trending, #trendingreels, #instagood, #instagram, #pushup, #fitness, #fitnessmotivation, #gym, #gymmotivation, #homeworkout, #challenge, #viralreels, #view, #viral, #bodybuilding, #newpost, #india, #represent",itx_editor1376: Bhai body mast hai ğŸ”¥ğŸ”¥ğŸ”¥; prabhat.chouhan: All the best broğŸ”¥ğŸ”¥; anshuthakur_25: Weight gain kar bhai ğŸ’ª; __bhawna.bhagat__: â¤ï¸; karan_go_swami01: ğŸ”¥ğŸ”¥; dogra_mohit1: ğŸ”¥ğŸ”¥ğŸ™ŒğŸ™Œâ¤ï¸â¤ï¸; its_akash_.56: â¤ï¸; 01_bhavishya: ğŸ”¥â¤ï¸; i_y.a.t.i.n: ğŸ™Œâ¤ï¸; anmol_liftz18: ğŸ”¥ğŸ”¥; su_shant6858: â¤ï¸â¤ï¸â¤ï¸; its_akash_.56: ğŸ”¥ğŸ”¥; the_yuvraj_likhari_bhagat: ğŸ”¥ğŸ”¥ğŸ™ŒğŸ™Œâ¤ï¸
fitness__vloggers,post_1,https://www.instagram.com/fitness__vloggers/p/DAT1yvPBDPY/,7,,
